账号名称,账号状态,作品数量,总播放量,总点赞数,总评论数,总分享数,平均播放量,平均点赞数,首次发布,最后发布
Kids dance,未分类,100,297397200,7028335,215009,1848100,2973972,70283,2025/9/11,2025/9/11
SolidToothSawmill,未分类,100,232069200,3268828,20812,100420,2320692,32688,2025/9/11,2025/9/11
Luna Melody,未分类,64,214944900,6211226,338775,558573,3358514,97050,2025/9/11,2025/9/11
Lmcpa,未分类,55,170772200,3050986,93317,565423,3104949,55472,2025/9/11,2025/9/11
automotive,未分类,100,132875300,1397779,14401,64442,1328753,13978,2025/9/11,2025/9/11
woodcutter1,未分类,100,124576583,1258226,43682,51553,1245766,12582,2025/9/11,2025/9/11
Precisão retifica,未分类,100,121530244,1552128,9915,53049,1215302,15521,2025/9/11,2025/9/11
Heavenly Trumpet,未分类,100,108462430,8551354,544409,630163,1084624,85514,2025/9/11,2025/9/11
Bruno torneiro⚙️🤩,未分类,100,105172380,609709,4431,12526,1051724,6097,2025/9/11,2025/9/11
SpriseBible,未分类,100,104418593,4161876,158045,581769,1044186,41619,2025/9/11,2025/9/11
AiBabyVibes,未分类,44,71709505,1094352,32140,234229,1629761,24872,2025/9/11,2025/9/11
Watchawit channel,未分类,100,67421128,340887,2323,16975,674211,3409,2025/9/11,2025/9/11
Drip of Mind,未分类,100,57255100,4139220,22944,37279,572551,41392,2025/9/11,2025/9/11
Autotech,未分类,100,56355300,541693,5940,48751,563553,5417,2025/9/11,2025/9/11
Gen AI Singer,未分类,38,48542855,1429104,17135,51359,1277444,37608,2025/9/11,2025/9/11
𝑨𝑺𝑴𝑹 𝑲𝑰𝑵𝑮 👑,未分类,100,44725348,387051,4294,10652,447253,3871,2025/9/11,2025/9/11
SENAME.SK Tools,未分类,100,44573752,706230,5635,35845,445738,7062,2025/9/11,2025/9/11
jesus Xenia,未分类,34,32493900,2740513,130859,173481,955703,80603,2025/9/11,2025/9/11
Chipper wood project,未分类,100,20834700,194580,4408,8292,208347,1946,2025/9/11,2025/9/11
woodproffis,未分类,100,18933845,142980,1858,3885,189338,1430,2025/9/11,2025/9/11
beauty,未分类,100,17237052,1479503,17395,81236,172371,14795,2025/9/11,2025/9/11
omacj736,未分类,100,15815055,1652021,25052,120440,158151,16520,2025/9/11,2025/9/11
Lee brother car auto,未分类,204,14330416,266968,12020,64528,70247,1309,2025/9/10,2025/9/11
Film123🎥,未分类,100,12492195,912317,5243,15232,124922,9123,2025/9/11,2025/9/11
DreamyLily,未分类,100,11699329,657574,13979,28131,116993,6576,2025/9/11,2025/9/11
gsym1108,未分类,33,11118900,1024872,23541,40636,336936,31057,2025/9/11,2025/9/11
ebbkk144,未分类,100,10824993,981918,22842,42424,108250,9819,2025/9/11,2025/9/11
sawmillworker,未分类,55,10518219,52876,502,2534,191240,961,2025/9/11,2025/9/11
Drip Threads,未分类,100,8466441,440708,3629,8463,84664,4407,2025/9/11,2025/9/11
daisy,未分类,100,7952838,555614,7359,27664,79528,5556,2025/9/11,2025/9/11
Solara,未分类,100,7646459,584332,22708,37063,76465,5843,2025/9/11,2025/9/11
CharmingAria,未分类,100,5903704,445657,12525,19563,59037,4457,2025/9/11,2025/9/11
yourahvzo7,未分类,100,4767534,403146,10860,17273,47675,4031,2025/9/11,2025/9/11
Mireille,未分类,100,4350942,290878,10578,10445,43509,2909,2025/9/11,2025/9/11
тгк simenkko,未分类,100,4109995,548381,5830,47844,41100,5484,2025/9/11,2025/9/11
azgnx727,未分类,59,3980523,431963,6471,23244,67466,7321,2025/9/11,2025/9/11
Nyxie,未分类,100,3144285,290601,5965,6702,31443,2906,2025/9/11,2025/9/11
RadiantElla2,未分类,100,3136843,239199,8734,7317,31368,2392,2025/9/11,2025/9/11
HealthyMind Hub,未分类,96,2330261,206283,4052,4573,24274,2149,2025/9/11,2025/9/11
jeni.lori.loomland,未分类,100,2245970,94540,4641,3393,22460,945,2025/9/11,2025/9/11
Lirael,未分类,100,2145709,225363,6213,6793,21457,2254,2025/9/11,2025/9/11
Eirlys,未分类,100,1584832,129889,5701,3855,15848,1299,2025/9/11,2025/9/11
SweetScarlett1,未分类,100,1228240,114260,4045,4468,12282,1143,2025/9/11,2025/9/11
jeni.thoughts.loomland,未分类,100,1134744,46401,1481,1321,11347,464,2025/9/11,2025/9/11
测试用户2,未分类,2,400000,16000,0,0,200000,8000,2025/9/10,2025/9/10
stuff 123,未分类,100,390714,28797,1322,670,3907,288,2025/9/11,2025/9/11
测试用户3,未分类,2,300000,12000,0,0,150000,6000,2025/9/10,2025/9/10
测试用户1,未分类,2,200000,10000,0,0,100000,5000,2025/9/10,2025/9/10